{
    "learning_rate_init": 0.005212777143489146,
    "hidden_layer_size_1": 74,
    "hidden_layer_size_2": 53,
    "best_rmse": 2.0782139701996596
}